{
  "id": "FML{version}",
  "time": "{timestamp}",
  "releaseTime": "{timestamp}",
  "type": "release",
  "processArguments": "username_session_version",
  "minecraftArguments": "--version FML_DEV --tweakClass cpw.mods.fml.common.launcher.FMLTweaker",
  "minimumLauncherVersion": 2,
  "libraries": [
    {
      "name": "net.minecraft:launchwrapper:1.3",
      "comment" : "Important for FML, we add this"
    },
    {
      "name": "org.ow2.asm:asm-all:4.1",
      "children" : ["sources"],
      "url" : "http://repo.maven.apache.org/maven2",
      "comment" : "Important for FML, we add this"
    },
    {
      "name": "org.scala-lang:scala-library:2.10.2",
      "children" : ["sources"],
      "url" : "http://repo.maven.apache.org/maven2",
      "comment" : "Important for FML, we add this"
    },
    {
      "name": "org.scala-lang:scala-compiler:2.10.2",
      "children" : ["sources"],
      "url" : "http://repo.maven.apache.org/maven2",
      "comment" : "Important for FML, we add this"
    },
    {
      "name": "net.sf.jopt-simple:jopt-simple:4.5",
      "children" : ["sources"],
      "url" : "http://repo.maven.apache.org/maven2"
    },
    {
      "name": "lzma:lzma:0.0.1"
    },
    {
      "name": "com.paulscode:codecjorbis:20101023"
    },
    {
      "name": "com.paulscode:codecwav:20101023"
    },
    {
      "name": "com.paulscode:libraryjavasound:20101123"
    },
    {
      "name": "com.paulscode:librarylwjglopenal:20100824"
    },
    {
      "name": "com.paulscode:soundsystem:20120107"
    },
    {
      "name": "org.lwjgl.lwjgl:lwjgl:2.9.0",
      "children" : ["sources"],
      "url" : "http://repo.maven.apache.org/maven2"
    },
    {
      "name": "org.lwjgl.lwjgl:lwjgl_util:2.9.0",
      "children" : ["sources"],
      "url" : "http://repo.maven.apache.org/maven2"
    },
    {
      "name": "argo:argo:2.25_fixed"
    },
    {
      "name": "net.sourceforge.argo:argo:2.25",
      "children" : ["sources"],
      "url" : "http://repo.maven.apache.org/maven2",
      "comment" : "grumble grumble grumble, y u no use proper version/artifact id grumble"
    },
    {
      "name": "org.bouncycastle:bcprov-jdk15on:1.47",
      "children" : ["sources"],
      "url" : "http://repo.maven.apache.org/maven2"
    },
    {
      "name": "com.google.guava:guava:14.0",
      "children" : ["sources"],
      "url" : "http://repo.maven.apache.org/maven2"
    },
    {
      "name": "org.apache.commons:commons-lang3:3.1",
      "children" : ["sources"],
      "url" : "http://repo.maven.apache.org/maven2"
    },
    {
      "name": "commons-io:commons-io:2.4",
      "children" : ["sources"],
      "url" : "http://repo.maven.apache.org/maven2"
    },
    {
      "name": "net.java.jinput:jinput:2.0.5",
      "children" : ["sources"],
      "url" : "http://repo.maven.apache.org/maven2"
    },
    {
      "name": "net.java.jutils:jutils:1.0.0",
      "children" : ["sources"],
      "url" : "http://repo.maven.apache.org/maven2"
    },
    {
      "name": "com.google.code.gson:gson:2.2.2",
      "children" : ["sources"],
      "url" : "http://repo.maven.apache.org/maven2"
    },
    {
      "name": "org.lwjgl.lwjgl:lwjgl-platform:2.9.0",
      "natives": {
        "linux": "natives-linux",
        "windows": "natives-windows",
        "osx": "natives-osx"
      },
      "extract": {
        "exclude": [
          "META-INF/"
        ]
      }
    },
    {
      "name": "net.java.jinput:jinput-platform:2.0.5",
      "natives": {
        "linux": "natives-linux",
        "windows": "natives-windows",
        "osx": "natives-osx"
      },
      "extract": {
        "exclude": [
          "META-INF/"
        ]
      }
    }
  ],
  "mainClass": "net.minecraft.launchwrapper.Launch"
}
